design,feature_set,population,n_features,roc_auc,pr_auc,lift_at_top10
stepwise,demographic,all,9,0.7708214188251208,0.664793241424446,2.3719204280650406
stepwise,demographic,active,9,0.5179427906464752,0.09664937974138652,0.7903786159954622
stepwise,+ purchase behaviour,all,24,0.9869207373745763,0.9811437080996299,2.912669126691267
stepwise,+ purchase behaviour,active,24,0.9373574876947995,0.689734460204556,6.444625638116847
stepwise,+ engagement,all,33,0.9901432905004292,0.9861758785893414,2.912669126691267
stepwise,+ engagement,active,33,0.9527095029170795,0.7781898002093374,7.356600964265457
stepwise,+ support,all,38,0.9913290065376539,0.9879036706775695,2.912669126691267
stepwise,+ support,active,38,0.9586537403091632,0.8055892981233906,7.660592739648327
drop-one,all minus demographic,all,29,0.9911708055987313,0.9876918479973904,2.912669126691267
drop-one,all minus demographic,active,29,0.9578556714000408,0.8047331064446759,7.599794384571752
drop-one,all minus purchase,all,23,0.9885771012050956,0.9847276154472824,2.912669126691267
drop-one,all minus purchase,active,23,0.9448860687833184,0.7643133603055705,7.113407543959161
drop-one,all minus engagement,all,29,0.989199621899756,0.9842041618583411,2.912669126691267
drop-one,all minus engagement,active,29,0.9486012171533708,0.7434264134138932,6.748617413499717
drop-one,all minus support,all,33,0.9901432905004292,0.9861758785893414,2.912669126691267
drop-one,all minus support,active,33,0.9527095029170795,0.7781898002093374,7.356600964265457
drop-one,all minus recency_months,all,37,0.9912538610916656,0.9877746796673951,2.912669126691267
drop-one,all minus recency_months,active,37,0.9581859068107123,0.7987183647202821,7.7213910947249005
