n,base_rate,roc_auc,pr_auc,precision,recall,f1,accuracy,brier,precision_at_top10,lift_at_top10,threshold,model,population,fold
1980,0.24545454545454545,0.9337301193801268,0.8836292086240418,1.0,0.32510288065843623,0.4906832298136646,0.8343434343434344,0.12276585297418631,0.98989898989899,4.032921810699588,0.5,rule,all,train 2023-06 -> val 2023-09
1655,0.10030211480362537,0.8107264518112746,0.4904503083006083,0.0,0.0,0.0,0.8996978851963746,0.08520057066129574,0.5481927710843374,5.465415880389027,0.5,rule,active,train 2023-06 -> val 2023-09
1980,0.24545454545454545,0.9866268916544092,0.9722613795208424,0.8396396396396396,0.9588477366255144,0.8952929875120077,0.944949494949495,0.04415720677099146,1.0,4.074074074074074,0.5,logreg,all,train 2023-06 -> val 2023-09
1655,0.10030211480362537,0.9635560374473043,0.8362418645831082,0.6347826086956522,0.8795180722891566,0.7373737373737373,0.9371601208459215,0.05008556805113196,0.7289156626506024,7.267201335462331,0.5,logreg,active,train 2023-06 -> val 2023-09
1980,0.24545454545454545,0.9834867591077615,0.9670371406488063,0.9461883408071748,0.8683127572016461,0.9055793991416309,0.9555555555555556,0.033831468243694096,1.0,4.074074074074074,0.5,lgbm,all,train 2023-06 -> val 2023-09
1655,0.10030211480362537,0.9543439034849943,0.8181771505228634,0.8292682926829268,0.6144578313253012,0.7058823529411765,0.9486404833836858,0.03800894386444676,0.7349397590361446,7.3272608506314425,0.5,lgbm,active,train 2023-06 -> val 2023-09
1980,0.24545454545454545,0.9826548994331233,0.9669357862529565,0.8784313725490196,0.9218106995884774,0.8995983935742972,0.9494949494949495,0.03814923615365256,0.9949494949494949,4.053497942386831,0.5,lgbm_balanced,all,train 2023-06 -> val 2023-09
1655,0.10030211480362537,0.9518274575804899,0.8184615707289982,0.6918918918918919,0.7710843373493976,0.7293447293447294,0.9425981873111783,0.04324560019091576,0.7048192771084337,7.026963274785891,0.5,lgbm_balanced,active,train 2023-06 -> val 2023-09
2167,0.30133825565297645,0.9418434579959175,0.911654233842454,1.0,0.4900459418070444,0.65775950668037,0.8463313336409783,0.11785686817412705,1.0,3.318529862174579,0.5,rule,all,train 2023-06+2023-09 -> val 2023-12
1681,0.1023200475907198,0.7833348744740857,0.4235466366706077,0.0,0.0,0.0,0.8976799524092802,0.08838984731310727,0.5238095238095238,5.119324473975637,0.5,rule,active,train 2023-06+2023-09 -> val 2023-12
2167,0.30133825565297645,0.9851058320403139,0.9759688873748202,0.8804034582132565,0.9356814701378254,0.9072011878247959,0.9423165666820489,0.04292905409450004,1.0,3.318529862174579,0.5,logreg,all,train 2023-06+2023-09 -> val 2023-12
1681,0.1023200475907198,0.9468075269314347,0.7906085085823055,0.6220095693779905,0.7558139534883721,0.6824146981627297,0.9280190362879238,0.05290844792163776,0.7142857142857143,6.980897009966778,0.5,logreg,active,train 2023-06+2023-09 -> val 2023-12
2167,0.30133825565297645,0.9852909344332934,0.9767609170907293,0.9544715447154472,0.8989280245022971,0.9258675078864353,0.9566220581449008,0.03409912807175467,1.0,3.318529862174579,0.5,lgbm,all,train 2023-06+2023-09 -> val 2023-12
1681,0.1023200475907198,0.9459676052213849,0.790232748899469,0.8153846153846154,0.6162790697674418,0.7019867549668874,0.9464604402141582,0.04196769034553441,0.7142857142857143,6.980897009966778,0.5,lgbm,active,train 2023-06+2023-09 -> val 2023-12
2167,0.30133825565297645,0.9852504748938443,0.97643075917571,0.9159021406727829,0.9173047473200613,0.9166029074215761,0.9497000461467466,0.03730319582527112,1.0,3.318529862174579,0.5,lgbm_balanced,all,train 2023-06+2023-09 -> val 2023-12
1681,0.1023200475907198,0.9459252238506942,0.7884237317074752,0.6982248520710059,0.686046511627907,0.6920821114369502,0.9375371802498513,0.0458238297171473,0.6964285714285714,6.8063745847176085,0.5,lgbm_balanced,active,train 2023-06+2023-09 -> val 2023-12
