decile,members,churners,avg_pred,actual_rate,cum_capture,lift
1,237,237,0.9977819840210351,1.0,0.2915129151291513,2.912669126691267
2,237,237,0.997083619142249,1.0,0.5830258302583026,2.912669126691267
3,237,231,0.9821707936993287,0.9746835443037974,0.8671586715867159,2.8389306677876904
4,236,90,0.3781771837118492,0.3813559322033898,0.977859778597786,1.1107636500093814
5,237,10,0.04273031999936102,0.04219409282700422,0.990159901599016,0.12289743150596064
6,237,5,0.014435855200547068,0.02109704641350211,0.996309963099631,0.06144871575298032
7,236,2,0.006669033460815898,0.00847457627118644,0.998769987699877,0.024683636666875144
8,237,0,0.0036098449045625577,0.0,0.998769987699877,0.0
9,237,1,0.0021632669987613844,0.004219409282700422,1.0,0.012289743150596062
10,237,0,0.0014363233175956915,0.0,1.0,0.0
