dimension,segment,members,churn_rate,avg_predicted_risk,pct_active_at_snapshot,active_members,active_churn_rate
membership_tier,Gold,751,0.33022636484687085,0.33105082529811947,0.7376830892143809,554,0.09747292418772563
membership_tier,Platinum,277,0.33935018050541516,0.31963583605874996,0.7292418772563177,202,0.09405940594059406
membership_tier,Silver,1340,0.35149253731343283,0.3540895944714649,0.7156716417910448,959,0.0948905109489051
signup_cohort,2021Q1,80,0.4375,0.441058532790738,0.65,52,0.1346153846153846
signup_cohort,2021Q2,209,0.3827751196172249,0.4024888467324144,0.6555023923444976,137,0.06569343065693431
signup_cohort,2021Q3,203,0.3891625615763547,0.4013808238141554,0.6551724137931034,133,0.07518796992481203
signup_cohort,2021Q4,222,0.36936936936936937,0.3760008544164757,0.6756756756756757,150,0.06666666666666667
signup_cohort,2022Q1,191,0.3717277486910995,0.35065395737964644,0.7120418848167539,136,0.11764705882352941
signup_cohort,2022Q2,177,0.4858757062146893,0.4838716663795773,0.5875706214689266,104,0.125
signup_cohort,2022Q3,186,0.3978494623655914,0.3888737230303505,0.6720430107526881,125,0.104
signup_cohort,2022Q4,200,0.37,0.3662677559493393,0.7,140,0.1
signup_cohort,2023Q1,189,0.3862433862433862,0.39999302149665766,0.656084656084656,124,0.07258064516129033
signup_cohort,2023Q2,198,0.37373737373737376,0.36198267942886275,0.7070707070707071,140,0.12142857142857143
signup_cohort,2023Q3,196,0.2602040816326531,0.2589502902839146,0.826530612244898,162,0.10493827160493827
signup_cohort,2023Q4,193,0.15544041450777202,0.1214533412164447,0.9740932642487047,188,0.13297872340425532
signup_cohort,2024Q1,124,0.03225806451612903,0.06137698912455342,1.0,124,0.03225806451612903
city,Austin,240,0.4083333333333333,0.4111839705712338,0.6625,159,0.11320754716981132
city,Boise,226,0.3495575221238938,0.33538876596034484,0.7345132743362832,166,0.1144578313253012
city,Columbus,243,0.3991769547325103,0.39616593531248245,0.6748971193415638,164,0.10975609756097561
city,Denver,233,0.31759656652360513,0.32586563601769086,0.7424892703862661,173,0.08670520231213873
city,Madison,233,0.3261802575107296,0.32027199852810584,0.7510729613733905,175,0.10285714285714286
city,Nashville,221,0.3574660633484163,0.3594720149442356,0.6832579185520362,151,0.0728476821192053
city,Portland,215,0.30697674418604654,0.30872603301657914,0.7674418604651163,165,0.09696969696969697
city,Raleigh,260,0.3230769230769231,0.33293684755029196,0.7307692307692307,190,0.07368421052631578
city,Spokane,228,0.3157894736842105,0.31149720336488973,0.7587719298245614,173,0.09826589595375723
city,Tulsa,269,0.3271375464684015,0.32317320696347623,0.7397769516728625,199,0.09045226130653267
age_band,30-44,629,0.34181240063593005,0.3499445642435818,0.7106518282988871,447,0.08053691275167785
age_band,45-59,592,0.3530405405405405,0.36376360490415505,0.7077702702702703,419,0.08591885441527446
age_band,60+,616,0.349025974025974,0.3395019856694617,0.7305194805194806,450,0.10888888888888888
age_band,<30,464,0.3254310344827586,0.3122388842138875,0.75,348,0.10344827586206896
age_band,nan,67,0.34328358208955223,0.33079257490775266,0.7611940298507462,51,0.13725490196078433
tenure_band,12-23m,752,0.40824468085106386,0.40801599692229595,0.6555851063829787,493,0.09939148073022312
tenure_band,24m+,905,0.3834254143646409,0.38821243576196385,0.6718232044198895,608,0.08552631578947369
tenure_band,6-11m,394,0.31725888324873097,0.3107279883821373,0.766497461928934,302,0.11258278145695365
tenure_band,<6m,317,0.10725552050473186,0.09795344323728218,0.9842271293375394,312,0.09294871794871795
optin,Opted in,1450,0.3213793103448276,0.31967905005085456,0.7393103448275862,1072,0.08488805970149253
optin,Opted out,918,0.3779956427015251,0.37919796340434125,0.7004357298474946,643,0.11353032659409021
home_price_tier,Mainstream,1031,0.3433559650824442,0.3455780405241497,0.7196896217264791,742,0.0889487870619946
home_price_tier,Unknown,120,0.30833333333333335,0.30694167244911774,0.7583333333333333,91,0.08791208791208792
home_price_tier,Upscale,394,0.3020304568527919,0.3022104710004849,0.7639593908629442,301,0.08970099667774087
home_price_tier,Value,823,0.36816524908869985,0.36384382373079077,0.7059538274605103,581,0.10843373493975904
preferred_category,Bakery,300,0.39,0.37748021435878154,0.6966666666666667,209,0.12440191387559808
preferred_category,Beverages,291,0.3333333333333333,0.323081945546775,0.7560137457044673,220,0.12272727272727273
preferred_category,Dairy,275,0.33454545454545453,0.33501825996991674,0.7490909090909091,206,0.11165048543689321
preferred_category,Frozen Foods,329,0.3252279635258359,0.333189975908989,0.7386018237082067,243,0.09465020576131687
preferred_category,Household,322,0.36335403726708076,0.37020246030467413,0.6863354037267081,221,0.07239819004524888
preferred_category,Personal Care,282,0.3262411347517731,0.3421235939142364,0.723404255319149,204,0.06862745098039216
preferred_category,Produce,258,0.34108527131782945,0.34122308854595235,0.7093023255813954,183,0.07650273224043716
preferred_category,Snacks,311,0.3311897106109325,0.3180331717190303,0.7363344051446945,229,0.09170305676855896
