contact_top_pct,members_contacted,churners_captured,pct_of_active_churners_captured,precision,assumed_uplift,churners_saved,gross_value,cost,net_value,roi
5,86,80,0.4878048780487805,0.9302325581395349,0.1,8.0,3096.4719262973763,258.0,2838.4719262973763,11.001829171695256
5,86,80,0.4878048780487805,0.9302325581395349,0.2,16.0,6192.943852594753,258.0,5934.943852594753,23.003658343390512
5,86,80,0.4878048780487805,0.9302325581395349,0.3,24.0,9289.41577889213,258.0,9031.41577889213,35.005487515085775
10,172,126,0.7682926829268293,0.7325581395348837,0.1,12.600000000000001,4876.943283918368,516.0,4360.943283918368,8.451440472710017
10,172,126,0.7682926829268293,0.7325581395348837,0.2,25.200000000000003,9753.886567836737,516.0,9237.886567836737,17.902880945420033
10,172,126,0.7682926829268293,0.7325581395348837,0.3,37.8,14630.829851755101,516.0,14114.829851755101,27.35432141813004
20,343,150,0.9146341463414634,0.43731778425655976,0.1,15.0,5805.884861807581,1029.0,4776.884861807581,4.642259340920876
20,343,150,0.9146341463414634,0.43731778425655976,0.2,30.0,11611.769723615162,1029.0,10582.769723615162,10.284518681841751
20,343,150,0.9146341463414634,0.43731778425655976,0.3,45.0,17417.65458542274,1029.0,16388.65458542274,15.926778022762624
30,514,155,0.9451219512195121,0.301556420233463,0.1,15.5,5999.414357201166,1542.0,4457.414357201166,2.890670789365218
30,514,155,0.9451219512195121,0.301556420233463,0.2,31.0,11998.828714402332,1542.0,10456.828714402332,6.781341578730436
30,514,155,0.9451219512195121,0.301556420233463,0.3,46.5,17998.2430716035,1542.0,16456.2430716035,10.672012368095656
